id,name,floor,theme,specimen_count,description,svg_x,svg_y
hall_a,A 厅 · 序厅与地质古生物,1F,古生物化石与地质演化,45,"标本馆正门入口，展示淮南地区特色古生物化石（淮南虫等），以及三叶虫、菊石、恐龙蛋等经典化石，是了解地球生命演化史的起点",320,460
hall_b,B 厅 · 植物标本,2F,植物多样性,120,"涵盖藻类、菌类、苔藓、蕨类、裸子植物与被子植物六大类群；设有淮南地区珍稀植物与药用植物专题展区",160,350
hall_c,C 厅 · 昆虫世界,2F,昆虫纲标本,200,"蝴蝶标本墙是馆内最受欢迎的打卡点之一；另有甲虫、蜻蜓、蜜蜂、蚂蚁等昆虫生态展箱；特设淮南地区昆虫多样性调查成果展",480,350
hall_d,D 厅 · 哺乳动物,3F,哺乳纲标本,60,"展示哺乳动物剥制标本与骨骼标本，涵盖灵长类、食肉类、有蹄类等；明星标本包括扬子鳄（安徽特有）、梅花鹿、穿山甲",130,240
hall_e,E 厅 · 鸟类标本,3F,鸟纲标本,80,"系统展示雀形目、隼形目、鹤形目等鸟类标本；朱鹮与丹顶鹤为镇馆之宝级展品；设有鸟类鸣声互动体验区",320,240
hall_f,F 厅 · 爬行与两栖,3F,爬行纲与两栖纲标本,50,"陈列蛇类、龟类、蜥蜴类及蛙类浸制与剥制标本；大鲵（娃娃鱼）标本为安徽山区特色展品",510,240
hall_g,G 厅 · 水生生物,3F,水生生物标本,70,"涵盖淡水鱼类（淮河水系）、海洋鱼类、甲壳类、软体动物及珊瑚标本；大型中华鲟标本为展厅标志性展品",510,160
hall_h,H 厅 · 人体科学,4F,人体解剖与生理标本,40,"展示人体骨骼、器官塑化标本、胚胎发育序列；配套多媒体互动屏，是医学院相关专业的教学资源",160,80
hall_i,I 厅 · 生态万象,4F,生态场景复原,15,"大型生态场景沙盘：森林生态、湿地生态、草原生态三大主题全景复原；沉浸式灯光与音效，是标本馆的收官展厅",480,80
